[
    {
        "type": "text",
        "text": "Pillar 4: Lifelong Learning ",
        "text_level": 1,
        "page_idx": 0
    },
    {
        "type": "text",
        "text": "4.1 Extent of staff training ",
        "text_level": 1,
        "page_idx": 0
    },
    {
        "type": "text",
        "text": "Response to the survey question “In your country, to what extent do companies invest in training and employee development?” $\\left[\\mathsf{1}\\right]=$ not at all; $7=$ to a great extent] | 2018–2019 weighted average or most recent period available ",
        "page_idx": 0
    },
    {
        "type": "text",
        "text": "Source: World Economic Forum, Executive Opinion Survey. ",
        "page_idx": 0
    },
    {
        "type": "text",
        "text": "4.2 Active labour market policies ",
        "text_level": 1,
        "page_idx": 0
    },
    {
        "type": "text",
        "text": "Response to the survey question “In your country, to what extent do labour market policies help unemployed people to reskill and find new employment (including skills matching, retraining, etc.)?” [1 $=$ not at all; $7=$ to a great extent] | 2018–2019 weighted average or most recent period available ",
        "page_idx": 0
    },
    {
        "type": "text",
        "text": "4.3 Access to basic services through ICTs ",
        "text_level": 1,
        "page_idx": 0
    },
    {
        "type": "text",
        "text": "Response to the survey question “In your country, to what extent do information and communication technologies (ICTs) enable access for all individuals to basic services (e.g. health, education, financial services, etc.)?” [1 $=$ not at all; $7=$ to a great extent] | 2018–2019 weighted average or most recent period available ",
        "page_idx": 0
    },
    {
        "type": "text",
        "text": "Source: World Economic Forum, Executive Opinion Survey. ",
        "page_idx": 0
    },
    {
        "type": "text",
        "text": "4.4 Firms offering formal training ",
        "text_level": 1,
        "page_idx": 0
    },
    {
        "type": "text",
        "text": "Percentage of firms offering formal training programmes for their permanent, full-time employees | 2018 or most recent period available ",
        "page_idx": 0
    },
    {
        "type": "text",
        "text": "Source: World Bank, Enterprise Surveys (http://www.   \nenterprisesurveys.org/). ",
        "page_idx": 0
    },
    {
        "type": "text",
        "text": "4.5 Digital skills among active population ",
        "text_level": 1,
        "page_idx": 0
    },
    {
        "type": "text",
        "text": "Response to the survey question “In your country, to what extent does the active population possess sufficient digital skills (e.g. computer skills, basic coding, digital reading)?” [1 $=$ not all; $7=$ to a great extent] | 2018–2019 weighted average or most recent period available ",
        "page_idx": 0
    },
    {
        "type": "text",
        "text": "Pillar 5: Technology Access ",
        "text_level": 1,
        "page_idx": 0
    },
    {
        "type": "text",
        "text": "5.1 Internet users ",
        "text_level": 1,
        "page_idx": 0
    },
    {
        "type": "text",
        "text": "Internet users as a percentage of the population based on household surveys | 2019 ",
        "page_idx": 0
    },
    {
        "type": "image",
        "img_path": "images/o55qy6.jpg",
        "img_caption": [],
        "img_footnote": [],
        "page_idx": 0
    },
    {
        "type": "text",
        "text": "5.2 Fixed-broadband Internet subscriptions Number of fixed-broadband internet subscriptions per 100 population | 2018 or most recent period available ",
        "page_idx": 0
    },
    {
        "type": "text",
        "text": "This indicator refers to the number of subscriptions for high-speed access to the public internet (a TCP/IP connection), including cable modem, DSL, fibre, and other fixed (wired)-broadband technologies—such as Ethernet, LAN and broadband over powerline communications. ",
        "page_idx": 0
    },
    {
        "type": "text",
        "text": "Source: International Telecommunication Union, World Telecommunication/ICT Indicators database (June 2019 edition) ",
        "page_idx": 0
    },
    {
        "type": "text",
        "text": "5.3 Mobile-broadband subscriptions ",
        "text_level": 1,
        "page_idx": 0
    },
    {
        "type": "text",
        "text": "Number of active mobile-broadband subscriptions per 100 population | 2018 or most recent period available ",
        "page_idx": 0
    },
    {
        "type": "text",
        "text": "This indicator includes standard mobile-broadband subscriptions and dedicated mobile-broadband data subscriptions to the public internet. ",
        "page_idx": 0
    },
    {
        "type": "image",
        "img_path": "images/3ie68p.jpg",
        "img_caption": [],
        "img_footnote": [],
        "page_idx": 0
    },
    {
        "type": "text",
        "text": "5.4 3G mobile network coverage ",
        "text_level": 1,
        "page_idx": 0
    },
    {
        "type": "text",
        "text": "Percentage of the population covered by at least a 3G mobile network | 2018 or most recent period available ",
        "page_idx": 0
    },
    {
        "type": "image",
        "img_path": "images/uix6ht.jpg",
        "img_caption": [],
        "img_footnote": [],
        "page_idx": 0
    },
    {
        "type": "text",
        "text": "5.5 Rural electricity access ",
        "text_level": 1,
        "page_idx": 0
    },
    {
        "type": "text",
        "text": "Percentage of rural population with access to electricity | 2017 or most recent period available ",
        "page_idx": 0
    },
    {
        "type": "text",
        "text": "Source: World Bank, Sustainable Energy for All (SE4ALL) database from the SE4ALL Global Tracking Framework, led jointly by the World Bank, International Energy Agency, and the Energy Sector Management Assistance Program. ",
        "page_idx": 0
    },
    {
        "type": "text",
        "text": "5.6 Internet access in schools ",
        "text_level": 1,
        "page_idx": 0
    },
    {
        "type": "text",
        "text": "Response to the survey question “In your country, to what extent is the Internet used in schools for learning purposes?” $\\lbrack\\mathfrak{1}=$ not at all; $7=$ to a great extent] | 2018– 2019 weighted average or most recent period available ",
        "page_idx": 0
    },
    {
        "type": "text",
        "text": "Pillar 6: Work Opportunities ",
        "text_level": 1,
        "page_idx": 1
    },
    {
        "type": "text",
        "text": "6.1 Unemployment among labour force with basic education ",
        "text_level": 1,
        "page_idx": 1
    },
    {
        "type": "text",
        "text": "Percentage of the labour force with a basic level of education who are unemployed | 2018 or most recent period available ",
        "page_idx": 1
    },
    {
        "type": "text",
        "text": "Basic education comprises primary education or lower secondary education according to the International Standard Classification of Education 2011 (ISCED 2011). ",
        "page_idx": 1
    },
    {
        "type": "text",
        "text": "6.2 Unemployment among labour force with intermediate education ",
        "text_level": 1,
        "page_idx": 1
    },
    {
        "type": "text",
        "text": "Percentage of the labour force with an intermediate level of education who are unemployed | 2018 or most recent period available ",
        "page_idx": 1
    },
    {
        "type": "text",
        "text": "Intermediate education comprises upper secondary or post-secondary non tertiary education according to the International Standard Classification of Education 2011 (ISCED 2011). ",
        "page_idx": 1
    },
    {
        "type": "text",
        "text": "Source: International Labour Organization, ILOSTAT database. ",
        "page_idx": 1
    },
    {
        "type": "text",
        "text": "6.3 Unemployment among labour force with advanced education ",
        "text_level": 1,
        "page_idx": 1
    },
    {
        "type": "text",
        "text": "Percentage of the labour force with an advanced level of education who are unemployed | 2018 or most recent period available ",
        "page_idx": 1
    },
    {
        "type": "text",
        "text": "Advanced education comprises short-cycle tertiary education, a bachelor’s degree or equivalent education level, a master’s degree or equivalent education level, or doctoral degree or equivalent education level according to the International Standard Classification of Education 2011 (ISCED 2011). ",
        "page_idx": 1
    },
    {
        "type": "text",
        "text": "Source: International Labour Organization, ILOSTAT database. ",
        "page_idx": 1
    },
    {
        "type": "text",
        "text": "6.4 Unemployment in rural areas ",
        "text_level": 1,
        "page_idx": 1
    },
    {
        "type": "text",
        "text": "Number of persons who are unemployed as a percentage of the total number of employed and unemployed persons (i.e., the labour force) in rural areas  | 2017 or most recent period available ",
        "page_idx": 1
    },
    {
        "type": "text",
        "text": "Source: International Labour Organization, ILOSTAT database. ",
        "page_idx": 1
    },
    {
        "type": "text",
        "text": "6.5 Female labour force participation Ratio of female to male labour force participation rate, calculated by dividing female labour force participation rate by male labour force participation rate, and multiplying by 100 | 2019 ",
        "page_idx": 1
    },
    {
        "type": "text",
        "text": "",
        "page_idx": 1
    },
    {
        "type": "text",
        "text": "Labour force participation rate is the proportion of the population ages 15 and older who are economically active: all people who supply labour for the production of goods and services during a specified period. ",
        "page_idx": 1
    },
    {
        "type": "text",
        "text": "6.6 Workers in vulnerable employment Contributing family workers or own-account workers as a percentage of total employment | 2019 ",
        "page_idx": 1
    },
    {
        "type": "text",
        "text": "Pillar 7: Fair Wages Distribution ",
        "text_level": 1,
        "page_idx": 1
    },
    {
        "type": "text",
        "text": "7.1 Incidence of low pay ",
        "text_level": 1,
        "page_idx": 1
    },
    {
        "type": "text",
        "text": "Percentage of workers earning less than twothirds of gross median earnings of all full-time workers | 2018 or most recent period available ",
        "page_idx": 1
    },
    {
        "type": "text",
        "text": "7.2 Bottom $40\\%$ to top $10\\%$ of labour income share ",
        "text_level": 1,
        "page_idx": 1
    },
    {
        "type": "text",
        "text": "Ratio in between the labour income share of the decile (1–4) to the top 10th decile | 2017 ",
        "page_idx": 1
    },
    {
        "type": "text",
        "text": "7.3 Bottom $50\\%$ to top $50\\%$ labour income share ",
        "text_level": 1,
        "page_idx": 1
    },
    {
        "type": "text",
        "text": "Ratio in between the labour income share of the decile (1-5) to the top 5 deciles (5-10)  | 2017 ",
        "page_idx": 1
    },
    {
        "type": "text",
        "text": "7.4 Mean income/consumption of bottom $40\\%$ as a percentage of national mean income/consumption ",
        "text_level": 1,
        "page_idx": 1
    },
    {
        "type": "text",
        "text": "Based on real mean per capita consumption or income measured at 2011 purchasing power parity (PPP) using the PovcalNet (http://iresearch. worldbank.org/PovcalNet) | 2012-2017 ",
        "page_idx": 1
    },
    {
        "type": "text",
        "text": "7.5 Adjusted labour income share Labour share of income as a $\\%$ of GDP, including ownaccount workers and contributing family workers | 2017 ",
        "page_idx": 2
    },
    {
        "type": "text",
        "text": "For more information on the methodology used, please visit https://www.ilo.org/ilostat-files/Documents/Labour%20 income%20share%20and%20distribution.pdf ",
        "page_idx": 2
    },
    {
        "type": "text",
        "text": "Pillar 8: Working Conditions ",
        "text_level": 1,
        "page_idx": 2
    },
    {
        "type": "text",
        "text": "8.1 Workers’ rights ",
        "text_level": 1,
        "page_idx": 2
    },
    {
        "type": "text",
        "text": "Score adapted from the International Trade Union Confederation (ITUC) Global Rights Index, which measures the level of protection of internationally recognized core labour standards. The scale of this indicator ranges from 0 (no protection) to 100 (high protection) | 2019 ",
        "page_idx": 2
    },
    {
        "type": "text",
        "text": "Dimensions of labour protection include civil rights, the right to bargain collectively, the right to strike, the right to associate freely, and access to due process rights. The indicator does not consider firing regulations. We distinguish between countries where workers have “nonaccess to rights” (Greece, Hong Kong SAR, Kuwait, Qatar, Saudi Arabia, and the United Arab Emirates) and countries experiencing “breakdown of institution” (Afghanistan, Libya) or murders (Guatemala). We assign a score of 10 to the former case and 3 to the latter. More details about the methodology of the Global Rights Index can be found at https://survey.ituc-csi.org/ITUC-Global-Rights-Index.html. ",
        "page_idx": 2
    },
    {
        "type": "text",
        "text": "Source: World Economic Forum calculations based on International Trade Union Confederation, 2019 Global Rights Index (https://www. ituc-csi.org/rights-index-2019). ",
        "page_idx": 2
    },
    {
        "type": "text",
        "text": "8.2 Labour-employer cooperation ",
        "text_level": 1,
        "page_idx": 2
    },
    {
        "type": "text",
        "text": "Response to the survey question “In your country, how do you characterize labour-employer relations?” $\\left[\\mathsf{1}\\right]=$ generally confrontational; $7=$ generally cooperative] | 2018–2019 weighted average or most recent period available ",
        "page_idx": 2
    },
    {
        "type": "text",
        "text": "Source: World Economic Forum, Executive Opinion Survey. ",
        "page_idx": 2
    },
    {
        "type": "text",
        "text": "8.3 Meritocracy at work ",
        "text_level": 1,
        "page_idx": 2
    },
    {
        "type": "text",
        "text": "Response to the survey question “In your country, to what extent is pay related to employee productivity?” $\\lbrack\\mathfrak{1}=$ not at all; $7=$ to a great extent] | 2018–2019 weighted average or most recent period available ",
        "page_idx": 2
    },
    {
        "type": "text",
        "text": "8.4 Employees working more than 48 hours per week ",
        "text_level": 1,
        "page_idx": 2
    },
    {
        "type": "text",
        "text": "Share of workers working more than 48 hours per week (full-time and part time contracts) based on national labour surveys | 2017 or most recent period available ",
        "page_idx": 2
    },
    {
        "type": "text",
        "text": "8.5 Collective bargaining coverage ",
        "text_level": 1,
        "page_idx": 2
    },
    {
        "type": "text",
        "text": "The number of employees whose pay and/or conditions of employment are determined by one or more collective agreement(s) as a percentage of the total number of employees | 2016 or most recent period available ",
        "page_idx": 2
    },
    {
        "type": "text",
        "text": "Collective bargaining coverage includes, to the extent possible, workers covered by collective agreements in virtue of their extension. Collective bargaining coverage rates are adjusted for the possibility that some workers do not have the right to bargain collectively over wages (e.g. workers in the public services who have their wages determined by state regulation or other methods involving consultation), unless otherwise stated in the notes. The statistics presented result from an ILO data compilation effort (including an annual questionnaire and numerous special enquiries), with contributions from J. Visser. ",
        "page_idx": 2
    },
    {
        "type": "text",
        "text": "Pillar 9: Social Protection ",
        "text_level": 1,
        "page_idx": 2
    },
    {
        "type": "text",
        "text": "9.1 Adequacy of guaranteed minimum income benefits ",
        "text_level": 1,
        "page_idx": 2
    },
    {
        "type": "text",
        "text": "The income of jobless families relying on minimumincome safety-net benefits as a percentage of the median disposable income for a couple with two children (with one partner is out of work). | 2018 or most recent period available ",
        "page_idx": 2
    },
    {
        "type": "text",
        "text": "This can be compared with a poverty line defined as a fixed percentage of median income. For instance, if the poverty threshold is $50\\%$ of median income, a value of $30\\%$ means that benefit entitlements alleviate poverty risks of $60\\%$ . This ratio includes housing benefits. ",
        "page_idx": 2
    },
    {
        "type": "text",
        "text": "Source: OECD. ",
        "page_idx": 2
    },
    {
        "type": "text",
        "text": "9.02 Social protection effective coverage ",
        "text_level": 1,
        "page_idx": 2
    },
    {
        "type": "text",
        "text": "Share of the population effectively covered by a social protection system, including social protection floors | 2016 or most recent period available ",
        "page_idx": 2
    },
    {
        "type": "text",
        "text": "10.3 Inclusiveness of institutions (gender, race & religion) ",
        "text_level": 1,
        "page_idx": 3
    },
    {
        "type": "text",
        "text": "Source: International Labour Organization, ILOSTAT database. ",
        "page_idx": 3
    },
    {
        "type": "text",
        "text": "9.3 Social protection spending ",
        "text_level": 1,
        "page_idx": 3
    },
    {
        "type": "text",
        "text": "Score based on three pillars from the Haas Inclusiveness Index score of each country | 2018 edition ",
        "page_idx": 3
    },
    {
        "type": "text",
        "text": "Total public social protection expenditure [all functions] as a percent of GDP $(\\%)$ ) | 2015 or most recent period available ",
        "page_idx": 3
    },
    {
        "type": "text",
        "text": "The Inclusiveness Index is an annual equity index that identifies and captures the degree of inclusion and marginality. The index is a diagnostic instrument intended to help us redefine the ways in which we think about a true democratic and inclusive society. More details on this index can be found at  https://haasinstitute.berkeley.edu/. ",
        "page_idx": 3
    },
    {
        "type": "text",
        "text": "Source: Haas Institute for a Fair and Inclusive Society (UC Berkeley), Inclusiveness Index. ",
        "page_idx": 3
    },
    {
        "type": "text",
        "text": "9.4 Social safety net protection ",
        "text_level": 1,
        "page_idx": 3
    },
    {
        "type": "text",
        "text": "Response to the survey question: “In your country, to what extent does a formal social safety net provide adequate protection to the general population (e.g., protection against job loss, disability, old age, poverty)?” [1 $=$ not at all—it doesn’t provide any protection; $7=$ to the full extent—it provides full protection] | 2018–2019 weighted average or most recent period available ",
        "page_idx": 3
    },
    {
        "type": "text",
        "text": "10.04 Political stability and protection from violence ",
        "text_level": 1,
        "page_idx": 3
    },
    {
        "type": "text",
        "text": "Score on the Political Stability and Absence of Violence/Terrorism pillar from the World Bank World Governance Indicators | 2018 edition ",
        "page_idx": 3
    },
    {
        "type": "text",
        "text": "For more information, see https://info.   \nworldbank.org/governance/wgi/Home/. ",
        "page_idx": 3
    },
    {
        "type": "text",
        "text": "Pillar 10: Inclusive Institutions ",
        "text_level": 1,
        "page_idx": 3
    },
    {
        "type": "text",
        "text": "10.1 Incidence of corruption ",
        "text_level": 1,
        "page_idx": 3
    },
    {
        "type": "text",
        "text": "Score on the Corruption Perceptions Index, which measures perceptions of corruption in the public sector, where the scale ranges from 0 (highly corrupt) to 100 (very clean) | 2018 edition ",
        "page_idx": 3
    },
    {
        "type": "text",
        "text": "This is a composite indicator and the index aggregates data from a number of different sources that provide perceptions of business executives and country experts of the level of corruption in the public sector. More details about the methodology can be found at https://www.transparency.org/cpi. ",
        "page_idx": 3
    },
    {
        "type": "text",
        "text": "Source: Transparency International, Corruption Perceptions Index 2018 (https://www.transparency.org/cpi2018 ). ",
        "page_idx": 3
    },
    {
        "type": "text",
        "text": "10.2 Government and public services efficiency ",
        "text_level": 1,
        "page_idx": 3
    },
    {
        "type": "text",
        "text": "Score on the Government Effectiveness pillar from the World Bank’s World Governance Indicators | 2018 edition ",
        "page_idx": 3
    },
    {
        "type": "text",
        "text": "Contributors and Acknowledgements ",
        "text_level": 1,
        "page_idx": 4
    },
    {
        "type": "text",
        "text": "At the World Economic Forum Platform for Shaping the Future of the New Economy and Society ",
        "text_level": 1,
        "page_idx": 4
    },
    {
        "type": "text",
        "text": "≥\tThierry Geiger Head, Benchmarking Practice $\\rightarrow$ Guillaume Hingel Insight Lead, Benchmarking Practice $\\rightarrow$ Vesselina Ratcheva Insight Lead, New Metrics Co-Lab $\\rightarrow$ Saadia Zahidi Head, Member of the Managing Board ",
        "page_idx": 4
    },
    {
        "type": "text",
        "text": "Acknowledgements ",
        "text_level": 1,
        "page_idx": 4
    },
    {
        "type": "text",
        "text": "We are extremely grateful to our colleagues in the Platform team for their collaboration, help and efforts, in particular to Till Leopold, Roberto Crotti and Sophie Brown. ",
        "page_idx": 4
    },
    {
        "type": "text",
        "text": "We are also thankful to Hope Steele and Mike Fisher for their excellent editing work and Accurat for their excellent graphic design and layout. We are also grateful to all the organizations from which we source the indicators that compose the index. Without their tremendous efforts in collecting data,  this work would not be possible. In particular, we thank the staff of the following organizations: Haas Institute for a Fair and Inclusive Society, Institute for Health Metrics and Evaluation, International Labour Organization, International Telecommunications Union, OECD, Transparency International, UNDP, UNESCO and the World Bank. ",
        "page_idx": 4
    },
    {
        "type": "text",
        "text": "Collaborations ",
        "text_level": 1,
        "page_idx": 4
    },
    {
        "type": "text",
        "text": "The World Economic Forum would like to thank the members of the Global Future Councils on the New Economic Agenda, New Education and Work Agenda and New Equality and Inclusion Agenda for their inputs and support. We would in particularly like to thank the members of the Global Future Council on the New Equality and Inclusion Agenda for their thought leadership and guidance. A special thank you to Haroon Bhorat for his expertise and support throughout this project. ",
        "page_idx": 4
    },
    {
        "type": "text",
        "text": "Linkedin ",
        "text_level": 1,
        "page_idx": 4
    },
    {
        "type": "text",
        "text": "$\\rightarrow$ Patrick Discroll Senior Data Scientist $\\rightarrow$ Paul Matsiras Data Scientist $\\rightarrow$ Guillaume Saint-Jacques Tech Lead – Computational Social Science $\\rightarrow$ Amir Sepehri Senior Applied Researcher $\\rightarrow$ Craig Tutterow Staff Data Scientist ",
        "page_idx": 4
    },
    {
        "type": "text",
        "text": "Automatic Data Processing (ADP) ",
        "text_level": 1,
        "page_idx": 5
    },
    {
        "type": "text",
        "text": "$\\rightarrow$ Matthew Levin Chief Strategy Officer, ADP, LLC $\\rightarrow$ Ahu Yildirmaz Co-Head, ADP Research Institute $\\rightarrow$ Renzhong Meng Director, ADP Research Institute ",
        "page_idx": 5
    },
    {
        "type": "text",
        "text": "Burning Glass Technologies ",
        "text_level": 1,
        "page_idx": 5
    },
    {
        "type": "text",
        "text": "≥\tElías S. Hanno Senior Research Analyst $\\rightarrow$ Bledi Taska Chief Economist $\\rightarrow$ Emilee Nason Research Analyst ",
        "page_idx": 5
    },
    {
        "type": "text",
        "text": "To learn more about the Platform for Shaping the Future of the New Economy and Society, please refer to the following website: https://www.weforum.org/platforms/shaping-the-future-of-the-new-economy-and-society. ",
        "page_idx": 5
    },
    {
        "type": "text",
        "text": "Global Future Council on the New Equality and Inclusion Agenda ",
        "text_level": 1,
        "page_idx": 5
    },
    {
        "type": "text",
        "text": "Prasad Swaminathan,   \nCouncil Co-Chair   \nGroup Head of Talent and Learning, ABB ",
        "page_idx": 5
    },
    {
        "type": "text",
        "text": "Laura D. Tyson, Council Co-Chair Distinguished Professor, Haas School of Business University of California, Berkeley ",
        "page_idx": 5
    },
    {
        "type": "text",
        "text": "Michael D. Aguirre, Council Fellow Postgraduate Fellow, Inequality in America Initiative, Harvard University ",
        "page_idx": 5
    },
    {
        "type": "text",
        "text": "Jahanzaib Ansari Co-Founder and Chief, Executive Officer, Knockri ",
        "page_idx": 5
    },
    {
        "type": "text",
        "text": "Gary Barker   \nPresident and Chief Executive Officer   \nPromundo Global Umran Beba   \nSenior Vice-President; Chief   \nHuman Resources Officer   \nHuman Capital  Management, PepsiCo Inc. ",
        "page_idx": 5
    },
    {
        "type": "text",
        "text": "",
        "page_idx": 5
    },
    {
        "type": "text",
        "text": "Haroon Bhorat Director, DPRU, School of Economics University of Cape Town ",
        "page_idx": 5
    },
    {
        "type": "text",
        "text": "Sari Brody Global Equality, Diversity and Inclusion Manager, IKEA ",
        "page_idx": 5
    },
    {
        "type": "text",
        "text": "Wanda Bryant Hope Chief Diversity and Inclusion Officer Johnson & Johnson ",
        "page_idx": 5
    },
    {
        "type": "text",
        "text": "Caroline Casey Founder and Director, The Valuable 500 ",
        "page_idx": 5
    },
    {
        "type": "text",
        "text": "Mario Martin Delgado Carrillo   \nChairman of the Political   \nCoordination Board of MORENA Chamber   \nof Deputies of Mexico ",
        "page_idx": 5
    },
    {
        "type": "text",
        "text": "Patsy Doerr Global Head of Diversity and Inclusion, Credit Suisse ",
        "page_idx": 5
    },
    {
        "type": "text",
        "text": "Rebeca Grynspan Secretary-General, Secretaría General Iberoamericana (SEGIB) ",
        "page_idx": 5
    },
    {
        "type": "text",
        "text": "Nora Lustig   \nSamuel Z. Stone Professor of Latin   \nAmerican Economics; Director,   \nCommitment to Equity Institute,   \nTulane University ",
        "page_idx": 5
    },
    {
        "type": "text",
        "text": "Mary Lou Maher Head of Global Diversity and Inclusion, KPMG ",
        "page_idx": 5
    },
    {
        "type": "text",
        "text": "John Morrison Chief Executive Officer, the Institute for Human Rights and Business Limited (IHRB) ",
        "page_idx": 5
    },
    {
        "type": "text",
        "text": "Lisa Nishii   \nVice Provost for Undergraduate Education   \nCornell University ",
        "page_idx": 5
    },
    {
        "type": "text",
        "text": "Rachel Osikoya Global Head of Diversity and Inclusion Maersk ",
        "page_idx": 5
    },
    {
        "type": "text",
        "text": "Wade Rakes   \nChief Diversity and Inclusion Officer   \nCentene Corporation ",
        "page_idx": 5
    },
    {
        "type": "text",
        "text": "Chris Rowland Global Diversity Officer, Manpower ",
        "page_idx": 5
    },
    {
        "type": "text",
        "text": "Bhushan Sethi Joint Global Leader for PwC People and Organization Practice, PwC ",
        "page_idx": 5
    },
    {
        "type": "text",
        "text": "Kathryn Shaw Professor of Economics Stanford Business School ",
        "page_idx": 5
    },
    {
        "type": "text",
        "text": "Hessa Tahlak Assistant Undersecretary for Social AffairsMinistry of Community Development of the United Arab Emirates ",
        "page_idx": 5
    },
    {
        "type": "text",
        "text": "Judith Williams Chief Diversity and Inclusion Officer, SAP ",
        "page_idx": 5
    },
    {
        "type": "text",
        "text": "Platform for Shaping the Future of the New Economy and Society Business Partners ",
        "text_level": 1,
        "page_idx": 6
    },
    {
        "type": "text",
        "text": "The World Economic Forum would like to thank the Business Partners of the Platform for their guidance and support. ",
        "page_idx": 6
    },
    {
        "type": "text",
        "text": "A.T. Kearney Inc.   \nAARP   \nAccenture   \nAdeccoGroup   \nAfrican Rainbow Minerals   \nAIG   \nAlghanim Industries   \nAlixPartners   \nAmazon Web Services   \nAroundtown SA   \nAT&T   \nAutomatic Data Processing Inc. (ADP) Bahrain Economic Development Board Bank of America   \nBank of Montreal   \nBarclays   \nBC Energy Investments Corp.   \nBloomberg LP   \nBooking.com BV   \nBoston Consulting Group   \nCentene Corporation   \nCentrica   \nCharoen Pokphand Group   \nCompany Limited (CP Group)   \nCisco Systems Inc.   \nClayton, Dubilier & Rice LLC   \nCNH Industrial N.V.   \nCrescent Enterprises   \nDassault Systèmes SE   \nDell Technologies Deutsche Post DHL Group   \nDogan Åžirketler Grubu Holding A.S Eurasian Resources Group   \nEY   \nGEMS Education   \nGoogle   \nGroupe Renault   \nGuardian Life Insurance   \nHealth Care Service Corporation   \nHeidrick & Struggles   \nHenry Schein Inc.   \nHewlett Packard Enterprise   \nInfosys Ltd   \nIngka Group (IKEA Retail, Ingka   \nCentres, Ingka Investments)   \nLL   \nJohnson & Johnson   \nLego Foundation   \nLinkedIn Corporation   \nLRN Corporation   \nManpowerGroup   \nMastercard   \nMercer (MMC)   \nMerck KGaA   \nMicrosoft Corp.   \nNBCUniversal   \nNestlé   \nNokia Corporation   \nNovolipetsk Steel (NLMK)   \nNYSE Group Inc. Omnicom Group Inc.   \nOoredoo   \nPAO Severstal   \nPayPal   \nPetroleo Brasileiro SA - PETROBRAS PJSC PhosAgro   \nPricewaterhouseCoopers   \nInternational Limited   \nProcter & Gamble   \nPublicis Groupe   \nQI Group   \nRBC Financial Group   \nRecruit Holdings Co. Ltd   \nRoyal DSM NV   \nSalesforce   \nSanofi   \nSAP   \nSaudi Aramco   \nStanley Black & Decker Inc.   \nTeck Resources Limited   \nTurkcell   \nUBS   \nUnilever   \nUpwork   \nVerizon Communications   \nVMware Inc.   \nWillis Towers Watson   \nWorkday Inc. ",
        "page_idx": 6
    },
    {
        "type": "text",
        "text": "",
        "page_idx": 6
    },
    {
        "type": "text",
        "text": "",
        "page_idx": 6
    },
    {
        "type": "text",
        "text": "COMMITTED TO IMPROVING THE STATE OF THE WORLD ",
        "page_idx": 7
    },
    {
        "type": "text",
        "text": "The World Economic Forum is the International Organization for Public-Private Cooperation and engages the foremost political, business and other leaders of society to shape global, regional and industry agendas. ",
        "page_idx": 7
    },
    {
        "type": "text",
        "text": "World Economic Forum 91-93 route de la Capite CH-1223 Cologny/Geneva Switzerland ",
        "page_idx": 7
    },
    {
        "type": "text",
        "text": "Tel\t +41 (0) 22 869 1212   \nFax\t +41 (0) 22 786 2744 ",
        "page_idx": 7
    }
]