{"extracted_information": "爱德华·赫尔曼和诺姆·乔姆斯基在《制造共识：大众媒体的政治经济学》一书中提出了“宣传模型”（propaganda model），该模型认为美国大众传播媒体是“有效而强大的意识形态机构，通过依赖市场力量、内在假设和自我审查，以及在没有公开胁迫的情况下，履行系统支持性的宣传职能”。宣传模型描述了五个编辑扭曲的“过滤器”，这些过滤器影响着大众传播媒体的新闻报道，并共同作用使大众媒体服务于精英阶层的利益。", "specifications": {}, "pricing": {}, "features": [{"filter_name": "规模、所有权和利润导向（Size, ownership, and profit orientation）", "description": "主导性的大众媒体是大型营利性机构，因此它们必须迎合所有者（如公司和控股投资者）的经济利益。媒体公司的规模是大众传播技术所需投资资本的结果，以覆盖大量的观众、听众和读者。"}, {"filter_name": "广告许可（The advertising license to do business）", "description": "由于主要媒体机构的大部分收入来自广告（而非销售或订阅），广告商获得了“事实上的许可权”。没有广告商的支持，媒体机构在商业上不可行。因此，新闻媒体必须迎合广告商的政治偏见和经济需求。这削弱了工人阶级媒体，也解释了报纸数量的减少。"}, {"filter_name": "新闻来源（Sourcing mass media news）", "description": "赫尔曼和乔姆斯基认为，“强大的大型官僚机构‘补贴’大众媒体，通过减少媒体获取和制作新闻的成本，获得了‘特殊的新闻获取权’。提供这种补贴的大型实体成为‘常规’新闻来源，并拥有优先的进入权限。非常规来源必须努力争取访问权，并可能被看门人任意忽略。”新闻媒体对私人和政府新闻来源的依赖加剧了编辑扭曲。如果某个报纸、电视台、杂志等招致这些来源的不满，它就会被微妙地排除在信息获取之外。新闻机构会失去读者或观众，最终失去广告商。为了将这种经济风险降到最低，新闻媒体在编辑上扭曲报道，以支持政府和企业政策，从而维持运营。"}, {"filter_name": "反弹与执行者（Flak and the enforcers）", "description": "“反弹”（Flak）指对媒体声明或节目的负面反应（如信件、投诉、诉讼或立法行动）。反弹可能给媒体带来昂贵的代价，无论是由于广告收入损失，还是法律辩护或媒体机构公共形象维护的成本。反弹可以由强大的私人影响力团体（如智库）组织。引发反弹的可能性可以阻止某些事实或观点的报道。"}, {"filter_name": "反共主义（Anti-communism）", "description": "这个过滤器涉及可以用来边缘化异见的共同敌人幽灵：“这种意识形态有助于动员民众对抗敌人，由于这个概念模糊不清，它可以被用来对付任何威胁‘主导’利益的政策倡导者。”反共主义是1988年原版书中的一个过滤器，但乔姆斯基认为，自冷战结束（1945-91）以来，反共主义已被“反恐战争”取代，成为主要的社会控制机制。"}], "statistics": {}, "temporal_info": {}, "geographical_data": {}, "references": []}