{"extracted_information": "倒置极权主义 (Inverted Totalitarianism) 是谢尔顿·沃林 (Sheldon Wolin) 于2003年提出的一个理论体系，用于描述一种表面上看似民主，但经济力量（如公司）对政府施加微妙而实质性影响的制度。该理论预测，随着时间的推移，这种系统会导致无力感和政治冷漠，并使政治平等主义逐渐衰退。它与经典的极权主义在运作方式、意识形态和对民众的态度上存在显著差异，主要通过经济力量的支配和制造政治冷漠来维持。", "specifications": {}, "pricing": {}, "features": [{"name": "完整定义", "description": "一种理论系统，其中经济力量（如公司）对表面上民主的系统施加微妙但实质性的权力。随着时间的推移，这种理论预测会产生无力感和政治冷漠，并持续偏离政治平等主义。沃林在2003年提出此词，用以描述美国正在转变为一种“受控民主”（类似于非自由民主），旨在强调其极权主义方面，同时区分其与经典极权主义的不同。"}, {"name": "核心特征", "list": ["经济力量（公司）而非国家机器是主导力量。", "表面上保持民主形式（如选举）。", "导致民众普遍的无力感和政治冷漠。", "偏离政治平等主义。", "以“成本效益”而非“优等民族”为意识形态驱动。", "追求物质而非“理想”。", "通过“权力想象”挑战“宪法想象”。", "被描述为“受控民主”（Managed Democracy）。"]}], "statistics": {}, "temporal_info": {"coined_year": 2003, "wolin_writing_period": "1960-2008"}, "geographical_data": {}, "comparisons": {"with_classical_totalitarianism": {"similarities": ["使用恐惧。", "先发制人的战争。", "精英统治。"], "differences": [{"aspect": "革命/体制颠覆", "classical": "推翻现有体制。", "inverted": "利用现有民主体制的法律和政治限制，使其偏离其初衷。"}, {"aspect": "政府形式", "classical": "有序、理想化、协调统一的政府。", "inverted": "受控民主，将管理技能应用于基本的民主政治机构。"}, {"aspect": "宣传与异议", "classical": "宣传主要由国家主导，异议被压制。", "inverted": "宣传是“倒置”的，部分由国家主导，但主要是公司媒体作为过滤器，只允许“严肃”观点出现，制造异议被允许的假象，但实际控制其影响力。"}, {"aspect": "民主基础", "classical": "推翻脆弱的民主/政权。", "inverted": "从强大的民主发展而来，并宣称其民主模式是全球典范。"}, {"aspect": "政治参与", "classical": "目标是民众的持续政治动员。", "inverted": "目标是民众持续的政治冷漠状态，期望或要求的唯一政治活动是投票。低投票率被视为民众放弃政府会帮助他们的希望的迹象。"}, {"aspect": "意识形态", "classical": "（纳粹）基于“优等民族”理论。", "inverted": "基于“成本效益”和利润，是“物质”而非“理想”的驱动。"}, {"aspect": "经济权力", "classical": "国家主导经济参与者。", "inverted": "公司通过游说、政治献金和“旋转门”机制主导政府，政府成为大型公司的仆人，这被认为是“正常”而非腐败。"}, {"aspect": "民族主义", "classical": "强烈的民族主义。", "inverted": "基于全球工作、文化和商品的交流，成为一个全球超级大国。"}, {"aspect": "惩罚方式", "classical": "严厉惩罚（监禁、杀害政治或意识形态对手）。", "inverted": "主要通过“恐惧经济”进行惩罚（削减社会保障、打击工会、技能过时、工作外包等）。"}, {"aspect": "领导人", "classical": "依靠魅力型领导人作为国家设计师。", "inverted": "不依赖特定领导人，而是产生类似于公司领导人的领导者。"}, {"aspect": "社会政策", "classical": "（纳粹）使富人和特权阶层生活不确定，为工人阶级制定社会政策。", "inverted": "通过削减医疗和社会福利项目、削弱工作条件来剥削穷人。"}]}}, "how_it_operates": {"economic_power": ["公司通过游说、政治献金和政府与私营部门之间的“旋转门”现象，对政府施加主导性影响，使政府成为大型公司的服务者。", "意识形态以“成本效益”为导向，追求物质利益而非特定理想。", "管理方法被应用于选举，通过技术、社会科学、合同和公司补贴来构建和操纵公众舆论。", "推动私有化，扩大私人部门的作用，同时减少政府对公民福利的责任。", "公司日益承担政府职能和服务，并更加依赖国家。", "新自由主义是其核心组成部分。", "所有自然资源和生命都被商品化，并被大公司剥削，导致崩溃。", "经济凌驾于政治之上，公司腐蚀和颠覆民主。"], "political_apathy": ["系统性地制造普遍的无力感和政治冷漠，将民众维持在一种持续的政治不活跃状态。", "尽管选举自由公正，但民众实际上无法改变国家的政策、动机和目标。", "低投票率被视为一个有利的迹象，表明大部分民众已放弃政府能显著帮助他们的希望。", "通过经济“理性化”（如裁员、工作外包和福利国家解体）制造不安全感，使人们感到无助，从而降低其参与政治的意愿。", "通过宣传和公司媒体（隐藏真实新闻）分散注意力，以及制造就业不安全感（让人们不敢发声），来维持现状。", "大学教育的变化（兼职教授不愿教授有争议话题，学生负债累累）也用于压制异议。", "过度的消费主义和煽动性内容诱导和操纵公民放弃他们的自由和对政府的参与。"]}, "references": [{"author": "Sheldon Wolin", "works": [{"title": "Democracy Incorporated: Managed Democracy and the Specter of Inverted Totalitarianism", "year": "2008"}, {"title": "Politics and Vision: Continuity and Innovation in Western Political Thought", "year": "2004 (expanded ed.)"}, {"title": "Inverted Totalitarianism", "publication": "The Nation", "year": "2003"}]}, {"author": "Chris Hedges", "works": [{"title": "Death of the Liberal Class"}, {"title": "Days of Destruction, Days of Revolt", "co_author": "Joe Sacco", "year": "2012"}]}]}