{"extracted_information": "赫伯特·马尔库塞（Herbert Marcuse）在《单向度的人》（One-Dimensional Man）中对消费主义的批判核心论点是，消费主义和现代工业社会构成了社会控制的一种形式。他认为，西方社会尽管自称民主，但实际上是极权主义的。一种“技术理性”渗透并主导了文化和公共生活的各个方面，形成了“霸权意识形态”。通过认同这种霸权意识形态，社会制造了“虚假需求”，将个体整合到现有的生产和消费体系中，从而压制批判性思维并维护既有社会秩序。", "specifications": {}, "pricing": {}, "features": [], "statistics": {}, "temporal_info": {"publication_date": "1964年"}, "geographical_data": {"context": "西方阵营资本主义社会与苏联共产主义社会"}, "references": [], "critique_of_consumerism": {"core_arguments": ["消费主义和现代工业社会是社会控制的一种形式。", "社会声称民主，但实际是极权主义的，因为技术理性已渗透并主导了文化和公共生活的各个方面，形成了霸权。", "“富裕社会”通过增加舒适度来掩盖系统的剥削性质，从而强化了统治和控制手段，限制了针对资本主义的政治革命潜力。", "在当代消费社会中，少数人通过提供购买幸福的手段来塑造我们对自由的观念。", "消费者在“不自由”状态下非理性地工作，超出实际基本需求的范畴，忽视心理破坏、浪费和环境损害，并通过物质产品寻求社会联系。", "新产品的创造刺激经济，鼓励人们为购买更多而工作更多，使个体失去人性，成为工业和消费机器的工具。", "广告通过批量宣传“幸福可以购买”的理念来维持消费主义，这既瓦解了社会行为，也造成了心理损害。"], "true_vs_false_needs": {"false_needs": "由先进工业社会创造，旨在将个体整合到现有生产和消费系统中的需求，如通过大众媒体、广告和工业管理灌输的需求。", "true_needs": "与“虚假需求”相对，指个体为满足实际基本需求而产生的需求。马尔库塞认为消费者为了满足虚假需求而过度工作，忽视了真正的需求和更深层次的破坏性影响。"}, "suppression_of_critical_thinking": "技术理性和“单向度”的思维与行为宇宙导致批判性思维和对抗性行为的能力萎缩。", "maintenance_of_social_order": "通过整合个体进入现有的生产和消费系统，掩盖剥削性质，强化统治和控制手段，限制政治革命机会，从而维持和稳定现有社会秩序。"}}