{"extracted_information": "马克思主义对自由主义“财产权”概念的核心批判在于，它揭示了这一概念如何导致并维持了不自由、不平等和阶级剥削，而非自由主义所宣称的带来自由与平等。文章指出，自由主义将私有财产权奉为自由的基石，认为其赋予个体自主支配资源的能力，并保障其领域不受侵犯。然而，马克思通过对资本主义的物质分析，揭示了财产权在实际运作中如何成为剥削和异化的工具。", "specifications": {}, "pricing": {}, "features": [{"论点": "财产权与自由的关系", "马克思批判": "自由主义将私有财产权视为自由的本质和基石，认为其确保个人自主且不受私人强制。但马克思认为，这种自由是虚假的，因为它导致了劳动异化和经济剥削。在资本主义私有制下，工人被剥夺了对自己劳动产品和劳动过程的控制，其生命活动成为一种被迫的、为他者服务的行为，导致普遍的非自由状态和奴役感。私有财产权将他人视为阻碍个人自由的潜在障碍，而非建立互惠社会关系的基础，从而瓦解了真正的社会自由。"}, {"论点": "财产权与平等的关系", "马克思批判": "自由主义宣称人人享有平等的私有财产权，不分宗教、种族。但马克思认为，这种形式上的平等掩盖了实质上的不平等。私有财产权本身就内含不道德性，并必然导致阶级分化和社会不平等。它强化了生产资料所有者（资产阶级）的权力，使其能够合法地剥削劳动者，从而使自由主义所承诺的普遍财产权成为一句空话（如“乞丐和首席执行官都可以购买豪宅”的讽刺）。"}, {"论点": "财产权与阶级剥削的关系", "马克思批判": "工业化后的自由市场中，生产资料的私有制激励资产阶级通过支付低工资来剥削工人，以最大化利润。私有财产权使得工人被迫接受不平等的劳动合同，因为经济必需迫使其如此。资产阶级的自我利益（被自由主义视为有价值的生产实践）合法化了对工人需求的践踏，无论是在经济上还是政治上。私有财产权是劳动异化的根源，导致工人与其劳动产品、劳动活动、类本质以及社会关系相分离，这是阶级剥削的客观结果和表现形式。"}], "statistics": {}, "temporal_info": {}, "geographical_data": {}, "references": [{"作者": "Karl Marx", "作品": "Communist Manifesto"}, {"作者": "Karl Marx", "作品": "Economic and Philosophic Manuscripts of 1844"}, {"作者": "Karl Marx", "作品": "On The Jewish Question"}, {"作者": "Karl Marx", "作品": "Contribution to the Critique of Hegel’s Philosophy of Right"}]}