{"extracted_information": "文章核心论证美国社会向上流动性显著下降，并通过具体数据和Raj Chetty的研究发现，揭示了影响流动性的关键因素，尤其是地理（居住地）和教育的作用，并提出了通过政策干预改善流动性的方法。", "specifications": {}, "pricing": {"社会支持干预成本": "~2,500美元/家庭", "通过干预提升的儿童预期终生收入": "200,000美元/儿童"}, "features": [{"名称": "Raj Chetty的研究发现", "描述": "哈佛经济学家Raj Chetty及其团队Opportunity Insights的研究显示，美国向上流动性显著下降。出生于1940年的儿童中有超过90%的收入高于其父母，而出生于1980年代中期的儿童只有50%的机会收入高于父母。这一趋势是美国民众普遍感到沮丧的根源。"}, {"名称": "地理因素对社会流动性的影响", "描述": "个人成长的社区是经济结果的主要决定因素。高流动性社区通常具有较低的贫困率、更稳定的家庭结构、更好的学校质量和更高的社会资本。"}, {"名称": "教育因素对社会流动性的影响", "描述": "高流动性社区的特点之一是拥有更好的学校质量。文章暗示高等教育机构可以在改变社会流动性趋势方面发挥作用。"}, {"名称": "政策干预试验", "描述": "Opportunity Insights团队在西雅图地区进行了一项试验，旨在帮助低收入家庭搬入高机会地区。对照组中只有14%的家庭迁入高机会地区，而获得额外社会支持的干预组中，这一比例跃升至54%。虽然提供支持的成本约为每家庭2,500美元，但估计每个迁入高机会地区的儿童一生中将多赚20万美元。"}], "statistics": {"1940年出生儿童收入高于父母的比例": ">90%", "1980年代中期出生儿童收入高于父母的几率": "50%", "西雅图试验中对照组迁入高机会地区的家庭比例": "14%", "西雅图试验中获得支持组迁入高机会地区的家庭比例": "54%"}, "temporal_info": {"文章发布日期": "2025年2月20日", "Raj Chetty讲座日期": "2025年2月19日", "研究时间段（儿童出生年份）": "1940年 vs 1980年代中期"}, "geographical_data": {"国家": "美国", "地区/城市": "西雅图地区"}, "references": ["Opportunity Insights (https://opportunityinsights.org/)"]}