{"extracted_information": "英国下一次选举预计将是60年来最不平等的选举，这归因于基于年龄、收入、阶级、房屋所有权和族裔的选民投票率差距不断扩大。IPPR智库的研究发现，政策制定更多地迎合了老年、富裕和受教育程度较高群体的需求，而非低收入群体。", "specifications": {}, "pricing": {}, "features": [], "statistics": {"投票率差距": {"收入": {"2010年": "顶层收入者与底层收入者之间投票率差距达18个百分点。", "近期两次大选": "顶层三分之一收入者中90%的人投票，而底层三分之一收入者中只有70%的人投票。", "低收入者投票意愿": "底层三分之一收入者认为投票不值得的几率是顶层三分之一收入者的三倍。"}, "房屋所有权": "房主（更倾向于投票）与租房者之间投票率差距达23个百分点。", "教育水平": "大学毕业生与未上大学者之间投票率差距达15个百分点。", "年龄": "61岁及以上人群（更倾向于投票）与18-24岁人群之间投票率差距达28个百分点。"}, "与政治家接触比例": {"大学毕业生": "三分之一的大学毕业生曾直接联系政治家。", "未获得学位者": "七分之一的未获得学位者曾直接联系政治家。"}, "议员阶级构成": {"工人阶级议员比例": "7%的议员可被视为工人阶级。", "工人阶级成年人口比例": "34%的劳动年龄成年人属于工人阶级。"}}, "temporal_info": {"研究时间": "2023年12月11日", "投票率差距增长时期": "1960年代（可忽略不计）至2010年", "选举不平等最高时期": "60年来"}, "geographical_data": {"国家": "英国"}, "references": ["Institute for Public Policy Research (IPPR)", "Dr Parth Patel, IPPR高级研究员"]}