{"extracted_information": "该文章讨论了经济不平等如何影响政治代表性，指出选举未能充分确保所有民众的声音被听到，特权公民对政治和选举结果的影响力更大。", "specifications": {}, "pricing": {}, "features": [{"name": "吉伦斯（Gilens）的研究发现", "description": "当收入最高的10%选民与收入最低的选民在政策问题上存在分歧时，政策结果倾向于富人的偏好，且与穷人选民的偏好完全无关。中产阶级美国人在政策制定中的代表性也显著不足。例如，高收入选民支持某项政策的概率变化比中等收入选民更能导致政策改变。", "reference": "Gilens, M. (2005). Inequality and democratic responsiveness. Public Opinion Quarterly, 69(5), 778-796."}, {"name": "欧洲民主国家的相似结果", "description": "研究发现，在欧洲国家，随着富裕选民和贫穷选民之间的偏好差距扩大，收入与政治影响力之间的正相关关系变得更强。换句话说，当富裕选民的偏好与贫穷选民的偏好冲突时，前者的偏好会得到特别的过度代表。", "reference": "Elsässer, L., Hense, S., & Schäfer, A. (2020). Not just money: Unequal responsiveness in egalitarian democracies. Journal of European Public Policy, 28(12), 1890–1908."}, {"name": "对经济不平等转化为政治代表性不平等的挑战", "description": "一些研究者提出更乐观的观点，例如Elkjær和Iversen认为，吉伦斯等人的方法设置偏向富人，而中产阶级选民仍然是最有影响力的收入群体。另有批评指出，尽管存在政治影响力差异，但不同收入群体对政策往往有相似的偏好，从而使政治响应差异不那么严重。", "reference": "Elkjær, M. A., & Iversen, T. (2020). The political representation of economic interests: subversion of democracy or middle-class supremacy?. World Politics, 72(2), 254-290."}, {"name": "经济不平等转化为政治代表性不平等的直接途径：商业利益集团游说", "description": "支持特定意识形态的利益集团可以通过财政支持竞选活动，并寻求资助的政治回报。例如，西蒙和舒斯特在《赢者通吃政治》中指出，利益集团利用游说阻止可能对其产生负面影响的财政和经济变革。Erikson（2015）也发现利益集团可以减缓自由变革的步伐。随着选举成本增加，特殊利益集团在竞选资金方面影响力更大。2024年选举中，前所未有的“暗钱”涌入选举资金，反映了特殊利益日益增长的影响力。", "reference": ["Coulter, S. (2019, April 2). Book review: Winner-take-all politics: How Washington made the rich richer and turned its back on the middle class by Paul Pierson and Jacob S. Hacker. LSE Review of Books.", "Erikson, R. S. (2015). Income inequality and policy responsiveness. Annual Review of Political Science, 18(1), 11-29.", "Massoglia, A. (2024, March 13). Unprecedented surge in “dark money” floods 2024 elections . OpenSecrets News."]}, {"name": "描述性代表", "description": "政治代表和被代表者之间通常存在显著相似性。由于大多数政治代表拥有更高的教育水平，并来自更高地位和高收入的职业，特权阶层在政策制定体系中通常得到更好的代表。这种不平等的描述性代表可以间接导致不平等的政治代表。", "reference": "Rosset, J. (2016). Explaining Unequal Representation. In: Economic Inequality and Political Representation in Switzerland. Contributions to Political Science. Springer, Cham."}, {"name": "选民系统性差异：投票率和信息不对称", "description": "由于日程安排不灵活、交通成本高和语言障碍等原因，高收入选民的投票率持续高于低收入群体。政治参与的不平等可能导致低收入选民的代表性不足。另一项研究则关注收入群体之间的信息不对称：获取准确、最新经济信息的能力通常随收入增加而提高，富裕公民的偏好通常更能反映当前的经济和政治状况。因此，当政府推行标准经济政策时，由于高收入群体与低收入群体之间的信息不对称，高收入群体的偏好碰巧得到了更好的代表。", "reference": ["“New census data reveal voter turnout disparities in 2022 midterm elections. National Low Income Housing Coalition”. (2023, May 15).", "Peters, Y., & Ensink, S. J. (2014). Differential responsiveness in Europe: The effects of preference difference and electoral participation. West European Politics, 38(3), 577–600.", "Elkjær, M. A. (2020). What Drives Unequal Policy Responsiveness? Assessing the Role of Informational Asymmetries in Economic Policy-Making. Comparative Political Studies, 53(14), 2213-2245."]}], "statistics": {}, "temporal_info": {"publication_date": "2025年1月9日"}, "geographical_data": {"focus_regions": ["美国", "欧洲民主国家"]}, "references": ["Coulter, S. (2019, April 2). Book review: Winner-take-all politics: How Washington made the rich richer and turned its back on the middle class by Paul Pierson and Jacob S. Hacker. LSE Review of Books. https://blogs.lse.ac.uk/lsereviewofbooks/2012/04/01/book-review-winner-take-all-politics-how-washington-made-the-rich-richer", "Elkjær, M. A. (2020). What Drives Unequal Policy Responsiveness? Assessing the Role of Informational Asymmetries in Economic Policy-Making. Comparative Political Studies, 53(14), 2213-2245.", "Elkjær, M. A., & Iversen, T. (2020). The political representation of economic interests: subversion of democracy or middle-class supremacy?. World Politics, 72(2), 254-290.", "Elsässer, L., Hense, S., & Schäfer, A. (2020). Not just money: Unequal responsiveness in egalitarian democracies. Journal of European Public Policy, 28(12), 1890–1908. https://doi.org/10.1080/13501763.2020.1801804", "Erikson, R. S. (2015). Income inequality and policy responsiveness. Annual Review of Political Science, 18(1), 11-29.", "Eytan, T. (2024). To Defend Multiracial Democracy, Progressives Must Embrace Court Reform [Photograph]. American Constitution Society. https://www.acslaw.org/expertforum/to-defend-multiracial-democracy-progressives-must-embrace-court-reform/", "Gilens, M. (2005). Inequality and democratic responsiveness. Public Opinion Quarterly, 69(5), 778-796.", "Massoglia, A. (2024, March 13). Unprecedented surge in “dark money” floods 2024 elections . OpenSecrets News. https://www.opensecrets.org/news/2024/03/unprecedented-surge-in-dark-money-floods-2024-elections/", "Peters, Y., & Ensink, S. J. (2014). Differential responsiveness in Europe: The effects of preference difference and electoral participation. West European Politics, 38(3), 577–600. https://doi.org/10.1080/01402382.2014.973260", "Rosset, J. (2016). Explaining Unequal Representation. In: Economic Inequality and Political Representation in Switzerland. Contributions to Political Science. Springer, Cham. https://doi.org/10.1007/978-3-319-27117-0_3", "Schakel, W. (2019). Unequal policy responsiveness in the Netherlands. Socio-Economic Review, 19(1), 37–57. https://doi.org/10.1093/ser/mwz018", "“New census data reveal voter turnout disparities in 2022 midterm elections. National Low Income Housing Coalition”. (2023, May 15). https://nlihc.org/resource/new-census-data-reveal-voter-turnout-disparities-2022-midterm-elections"]}